name,city,cuisines,price_range,avg_cost_for_two,rating
Hauz Khas Social,New Delhi,Continental:American:Asian:North Indian,3,1600,4.3
Qubitos - The Terrace Cafe,New Delhi,Thai:European:Mexican:North Indian:Chinese:Cafe,3,1500,4.5
The Hudson Cafe,New Delhi,Cafe:Italian:Continental:Chinese,2,850,4.4
Summer House Cafe,New Delhi,Italian:Continental,3,1850,4.1
38 Barracks,New Delhi,North Indian:Italian:Asian:American,3,1600,4.4
Spezia Bistro,New Delhi,Cafe:Continental:Chinese:Italian,2,900,4.6
Manhattan Brewery & Bar Exchange,Gurgaon,Finger Food:American:Continental:North Indian:Italian,4,2000,4.6
The Wine Company,Gurgaon,Italian:European,4,2000,2.4
Farzi Cafe,New Delhi,Modern Indian,4,2200,4.4
Indian Grill Room,Gurgaon,North Indian:Mughlai,3,1800,4.5
Cafeteria & Co.,New Delhi,Continental:Mexican,2,900,4.6
Farzi Cafe,Gurgaon,Modern Indian,4,2200,4.3
Molecule Air Bar,Gurgaon,Continental:North Indian:Italian:Chinese,3,1500,4.2
HotMess,New Delhi,North Indian:Mediterranean:Asian:Fast Food,3,1900,4.3
My Bar Headquarters,New Delhi,North Indian:Mughlai:Chinese,3,1000,3.7
FLYP@MTV,New Delhi,North Indian:Mexican:Italian:Continental,3,1200,3.9
Tamasha,New Delhi,Finger Food:North Indian:Continental:Italian,3,1600,3.7
The Barbeque Company,New Delhi,North Indian:Chinese:Continental,3,1200,4.2
Saravana Bhavan,New Delhi,South Indian,2,500,4.3
Odeon Social,New Delhi,Continental:American:Asian:North Indian,3,1600,4.1
Spice Kraft,Kolkata,Continental:Middle Eastern:Asian,3,1200,4.8
Hoppipola,Kolkata,Italian:Mexican:American:Mediterranean,3,1200,4.2
Barbeque Nation,Kolkata,North Indian:Chinese,3,1600,4.9
Peter Cat,Kolkata,Continental:North Indian,3,1000,4.3
Barbeque Nation,Kolkata,North Indian:Chinese,3,1600,4.9
What's Up,Kolkata,Cafe:Chinese:Continental,3,1000,4.0
6 Ballygunge Place,Kolkata,Bengali,3,1000,4.4
TGI Friday's,Kolkata,Tex-Mex:American,3,1800,4.0
The Irish House,Kolkata,European:American,3,1900,4.4
Asia Kitchen by Mainland China,Kolkata,Asian:Chinese,3,1400,4.6
India Restaurant,Kolkata,Biryani:North Indian:Chinese:Mughlai,2,800,4.6
Nawwarah,Kolkata,Chinese:Cafe:North Indian:Desserts,3,1000,3.9
Santa's Fantasea,Kolkata,Seafood:Chinese,2,800,4.2
Mumbai Local,Kolkata,North Indian:Chinese:Street Food,3,1200,4.2
Sigree Global Grill,Kolkata,North Indian,3,1600,4.1
BarBQ,Kolkata,Chinese:North Indian,2,900,4.2
Mocambo,Kolkata,Continental:Italian:North Indian,3,1050,3.5
Gabbar's Bar & Kitchen,Kolkata,North Indian:Chinese:Mexican:Italian,3,1400,4.4
Ocean Grill,Kolkata,Continental:Seafood:North Indian:Asian,3,1500,3.6
Flame & Grill,Kolkata,North Indian:Continental,3,1500,3.9
Farzi Cafe,Mumbai,Modern Indian,3,1500,4.3
The Fusion Kitchen,Mumbai,North Indian:Italian:Chinese:Mexican,3,1000,4.7
Tea Villa Cafe,Mumbai,Cafe:Italian:Desserts:Fast Food:Chinese:Tea,3,1000,4.1
Mumbai Vibe,Mumbai,Cafe:Continental:North Indian:Italian:Chinese:Bakery:Desserts:Finger Food,3,1000,3.8
38 Degree East,Mumbai,North Indian:Chinese:Thai,3,1000,3.8
Mirchi And Mime,Mumbai,North Indian:South Indian:Mughlai,3,1500,4.9
R' ADDA,Mumbai,Street Food:Burger:Desserts:Italian:Pizza:North Indian:European:Finger Food,3,1200,4.0
The American Joint,Mumbai,Healthy Food:American:Burger:Salad,2,850,3.4
Grandmama's Cafe,Mumbai,Continental:Italian,3,1100,3.8
SpiceKlub,Mumbai,North Indian,3,1500,4.2
Stacks And Racks,Mumbai,American:Burger:Fast Food,2,500,4.6
Tea Villa Cafe,Mumbai,Cafe:Italian:Desserts:Fast Food:Chinese:Tea,3,1000,4.1
Cafe Hydro,Mumbai,Asian,3,1000,4.0
Tea Villa Cafe,Mumbai,Cafe:Italian:Desserts:Fast Food:Chinese:Tea,3,1000,3.9
Joey's Pizza,Mumbai,Pizza,2,800,4.5
Joey's Pizza,Mumbai,Pizza,2,800,4.0
The Rolling Pin,Mumbai,Bakery:Desserts:Cafe,2,700,3.9
Tea Villa Cafe,Mumbai,Cafe:Italian:Desserts:Fast Food:Chinese:Tea,3,1000,3.6
145 Kala Ghoda,Mumbai,Fast Food:Beverages:Desserts,3,1500,4.2
The English Department Bar & Diner,Mumbai,Italian:Continental:Mexican:Japanese:American:British,3,1500,3.9
Flechazo,Bangalore,Asian:Mediterranean:North Indian,3,1200,4.4
Toit,Bangalore,Italian:American:Pizza,4,2000,4.8
Truffles,Bangalore,American:Burger:Cafe,2,800,4.7
ECHOES Koramangala,Bangalore,Continental:American:Italian:North Indian:Chinese:Cafe,2,950,4.7
Big Brewsky,Bangalore,Finger Food:North Indian:Italian:Continental:Thai:South Indian,3,1800,4.5
Farzi Cafe,Bangalore,Modern Indian,3,1500,4.4
Koramangala Social,Bangalore,Continental:American,3,1500,4.5
Onesta,Bangalore,Pizza:Cafe:Italian,2,600,4.6
Three Dots & A Dash,Bangalore,European:Continental,3,1300,3.9
Glen's Bakehouse,Bangalore,Bakery:Desserts:Cafe,2,800,4.0
Onesta,Bangalore,Pizza:Cafe:Italian,2,600,4.3
AB's - Absolute Barbecues,Bangalore,European:Mediterranean:North Indian,3,1400,4.6
Eat Street,Bangalore,North Indian:Chinese:Italian:Street Food:Desserts,1,400,4.3
Hoot,Bangalore,Continental:Italian:North Indian,3,1400,3.9
Communiti,Bangalore,Continental,3,1200,4.2
Onesta,Bangalore,Pizza:Cafe:Italian,2,600,4.6
The Fatty Bao - Asian Gastro Bar,Bangalore,Asian,4,2400,4.7
Sultans of Spice,Bangalore,North Indian:Mughlai,3,1300,4.1
Bombay Brasserie,Bangalore,Modern Indian,3,1500,4.2
The Black Pearl,Bangalore,North Indian:European:Mediterranean,3,1400,4.1
Farzi Cafe,Pune,Modern Indian,3,1500,4.3
Le Plaisir,Pune,European:Desserts,3,1000,4.8
Tales & Spirits,Pune,Italian:Continental:Cafe,2,800,4.1
The Urban Foundry,Pune,North Indian:Asian,3,1500,4.5
Barbeque Ville,Pune,North Indian,3,1000,4.4
The Little Next Door,Pune,Finger Food:Italian:Spanish:Greek,3,1000,4.1
Apache,Pune,Finger Food,3,1000,4.1
Kargo,Pune,Charcoal Grill:Italian:North Indian:European:Indonesian:Thai,2,900,4.4
Mineority By Saby,Pune,North Indian:North Eastern:Continental,3,1400,4.2
Agent Jack's Bar,Pune,Continental:North Indian:Italian,3,1200,4.2
Teddy Boy,Pune,North Indian:Continental:Finger Food,3,1200,3.6
Sautéed Stories,Pune,Cafe:Italian:Continental,2,850,4.2
Barbeque Nation,Pune,North Indian:Mughlai,3,1700,4.5
Effingut Brewerkz,Pune,Continental:North Indian:Mughlai:Burmese,3,1800,4.3
The Sassy Spoon,Pune,European:Asian:Mediterranean:Modern Indian:Desserts:Finger Food,3,1500,4.1
18 Degrees Resto Lounge,Pune,North Indian:Mediterranean:Chinese,4,2100,3.6
Chili's,Pune,Mexican:American:Tex-Mex,3,1800,4.5
Effingut Brewerkz,Pune,Continental:North Indian:Mughlai:Burmese,4,2000,4.3
German Bakery Wunderbar,Pune,Italian:German:Continental,3,1000,4.0
Blue Water,Pune,North Indian:Chinese:Continental,3,1500,4.2
AB's - Absolute Barbecues,Hyderabad,European:Mediterranean:North Indian,3,1500,4.9
Chili's,Hyderabad,Mexican:American:Tex-Mex:Burger,3,1800,4.7
Prost Brew Pub,Hyderabad,Italian:Continental:Chinese,3,1200,4.1
Chili's,Hyderabad,Mexican:American:Tex-Mex:Burger,3,1800,4.6
United Kitchens of India,Hyderabad,North Indian:Andhra:Chettinad:Bengali:Mughlai:Chinese,3,1100,4.1
Mocha Bar,Hyderabad,North Indian:Continental:Italian,3,1200,4.2
Dock Forty Five,Hyderabad,Continental:Asian,3,1400,4.2
AB's - Absolute Barbecues,Hyderabad,European:Mediterranean:North Indian,3,1500,4.9
The Fisherman's Wharf,Hyderabad,Seafood:Continental:Goan:Asian:Andhra,3,1500,3.8
The Grand Trunk Road,Hyderabad,North Indian:Chinese,3,1100,3.9
Sahib’s Barbeque by Ohri’s,Hyderabad,Hyderabadi:Awadhi,3,1400,4.1
Exotica,Hyderabad,Mughlai:North Indian:Chinese,3,1500,4.3
Saffron Mantra,Secunderabad,North Indian:Chinese,2,850,4.4
Conçu,Hyderabad,Bakery:Desserts,2,600,4.8
Jonathan's Kitchen - Holiday Inn Express & Suites,Hyderabad,North Indian:Japanese:Italian,3,1900,4.3
Olive Bistro,Hyderabad,Mediterranean:Italian:European,4,2000,4.4
Pine & Dine,Hyderabad,North Indian:South Indian:Chinese,2,700,4.0
Heart Cup Coffee,Hyderabad,Cafe:Continental:North Indian:Chinese,3,1800,4.2
Coffee Cup,Secunderabad,Cafe:Continental,2,800,4.6
Churrolto,Hyderabad,Desserts:Cafe:Mexican,2,500,4.7
Coal Barbecues,Chennai,North Indian:Mediterranean:Asian:Arabian,3,1400,4.6
Maplai,Chennai,South Indian:Chettinad,3,1000,4.2
Haunted,Chennai,North Indian:Chinese:Arabian,2,800,3.8
Chili's,Chennai,Mexican:American:Tex-Mex:Burger,3,1700,4.8
Basil With A Twist,Chennai,Continental:Cafe:Spanish:Italian:European:Greek:Mediterranean,3,1500,4.5
Pind,Chennai,North Indian:Chinese,2,900,4.0
That Madras Place,Chennai,European:Italian:Desserts,2,800,4.2
Palmshore,Chennai,North Indian:Mughlai:Chinese:South Indian,2,850,4.2
AB's - Absolute Barbecues,Chennai,North Indian:European:Mediterranean,3,1600,4.9
Bombay Brasserie,Chennai,North Indian,3,1200,4.6
Fusilli Reasons,Chennai,Italian,1,350,4.6
Barbeque Nation,Chennai,North Indian:Continental,4,2000,4.4
Palmshore,Chennai,North Indian:Mughlai:Chinese:South Indian,2,850,4.3
Paradise,Chennai,Biryani:North Indian,2,900,3.8
Palmshore,Chennai,North Indian:Mughlai:Chinese:South Indian,2,850,4.4
Writer's Cafe,Chennai,Cafe:European,1,450,4.2
Kaidi Kitchen,Chennai,Italian:Mexican:Chinese:Thai:North Indian,3,1500,4.0
Ciclo Cafe,Chennai,Cafe:Continental,3,1100,4.1
Pantry d'or,Chennai,Continental:Cafe:Italian:Desserts,2,750,4.4
L'amandier,Chennai,European:Cafe:Italian,3,1200,4.3
Vintage Machine,Lucknow,Italian:American:Lebanese,3,1000,4.3
Barbeque Nation,Lucknow,North Indian,4,1600,4.7
Spice Caves,Lucknow,North Indian:Chinese:Mughlai,3,1200,4.2
Royal Sky,Lucknow,North Indian:Mughlai:Chinese:Continental,3,1100,4.2
The Cherry Tree Cafe,Lucknow,Cafe:Bakery,2,400,4.1
Grandson of Tunday Kababi,Lucknow,Mughlai:Lucknowi,1,300,4.9
Bar Bar,Lucknow,Cafe:Chinese:Thai:North Indian:Continental,3,1000,4.0
Underdoggs Sports Bar & Grill,Lucknow,Mediterranean:Italian:American,3,1300,4.3
Dastarkhwan,Lucknow,Mughlai,2,400,4.4
L 14 - Renaissance Lucknow Hotel,Lucknow,North Indian:Continental:South Indian:Chinese:Thai:Asian,4,2000,4.2
The Chocolate Heaven,Lucknow,Cafe:Italian:Desserts,2,400,4.1
Colours by Royal Cafe - Royal Inn,Lucknow,North Indian:Mughlai:Chinese,3,1000,4.2
Cappuccino Blast,Lucknow,Cafe:Fast Food,2,700,4.0
Percussion,Lucknow,Continental:North Indian:Asian,3,1000,3.7
Free Spirit,Lucknow,Cafe:Italian,2,450,4.3
Frozen Factory,Lucknow,Desserts:Ice Cream,1,200,4.5
Homeys Cafe,Lucknow,Cafe:Fast Food,2,450,3.9
The Pebbles Bistro,Lucknow,European,3,1000,4.1
The Urban Terrace,Lucknow,North Indian:Continental,3,1100,3.9
Chemistry Café,Lucknow,Cafe:Continental:Chinese,2,650,3.5
Cafe 17,Kochi,Cafe:Continental:Italian,2,700,4.4
Paragon,Kochi,Kerala:South Indian:Continental:North Indian:Seafood:Chinese,2,900,4.3
Tonico Cafe,Kochi,Cafe,1,400,4.0
Kashi Art Cafe,Kochi,European:Cafe,2,600,4.2
Cocoa Tree,Kochi,Italian:Seafood:Mediterranean:Desserts:Cafe,3,1000,4.3
Slice of Spice,Kochi,Fast Food:Biryani,1,400,4.0
Grand Hotel Restaurant,Kochi,North Indian:Kerala:Chinese:Continental,3,1000,4.2
Bloomsbury's Boutique Cafe and Artisan Bakery,Kochi,Cafe:Bakery:Desserts,2,650,4.2
Mustake Multicuisine Restaurant,Kochi,Chinese:Thai:North Indian:South Indian,3,1000,3.7
French Toast,Kochi,Continental:Cafe:Desserts:Bakery,2,700,4.3
ChaiCofi,Kochi,Cafe:Continental:Italian,2,800,4.0
Nawras Seafood Restaurant,Kochi,Seafood,3,1000,4.6
Aangan - Downtown Multicuisine Restaurant,Kochi,Chinese:Seafood:North Indian:Biryani,2,650,4.2
Palaaram,Kochi,Kerala:Fast Food,2,550,3.7
Chiyang,Kochi,Chinese:Continental,2,800,3.7
Ali Baba & 41 Dishes,Kochi,Kerala:South Indian:Chinese:Biryani,1,400,3.5
Ifthar,Kochi,Kerala,1,350,3.8
Barbeque Nation,Kochi,European:North Indian:Mediterranean:American,3,1500,4.5
Dhe Puttu,Kochi,Kerala,2,600,4.4
Thakkaaram,Kochi,Kerala:South Indian,2,600,3.6
Blackout,Jaipur,North Indian:European:Continental:Finger Food,3,1650,3.9
The Forresta Kitchen & Bar,Jaipur,Continental:Mexican:Beverages:Desserts:North Indian:Chinese:Rajasthani,3,1800,4.0
WTF,Jaipur,Continental:Italian:North Indian:Lebanese:Thai,3,1000,4.0
Tapri Central,Jaipur,Cafe:Fast Food:Street Food,2,750,4.7
Meraaki Kitchen,Jaipur,Modern Indian:Asian,3,1500,3.9
Replay,Jaipur,North Indian:Continental:Chinese:Italian:Mexican,3,1500,4.3
Mutual's,Jaipur,Cafe:Mexican:Italian:North Indian:Fast Food,2,650,4.2
On The House,Jaipur,Italian:Continental:Mexican:Cafe:Bakery,3,1300,4.4
Cafe LazyMojo,Jaipur,Cafe:Mexican:Italian:Continental,2,800,4.3
Mamu's Infusion,Jaipur,Italian:Chinese:Mexican:Thai:North Indian,3,1400,4.0
O2- The Plant Cafe,Jaipur,Continental,2,700,4.1
Zolocrust - Hotel Clarks Amer,Jaipur,Italian:Bakery:Continental,4,2000,4.9
Decked Up By Garden Cafe,Jaipur,Cafe:Fast Food:North Indian,3,1200,3.9
Calzone- Dine & Rooftop Lounge,Jaipur,Continental:Mexican:North Indian:Chinese,2,800,3.7
Sky Beach,Jaipur,North Indian:Continental:Chinese:Mexican:Italian:Desserts,3,1000,2.6
Monarch Restaurant - Holiday Inn Jaipur City Centre,Jaipur,North Indian:Chinese:Continental:Rajasthani,4,2300,4.5
Taruveda Bistro,Jaipur,Cafe:Italian:Japanese:Continental,3,1000,4.2
Chao Chinese Bistro - Holiday Inn Jaipur City Centre,Jaipur,Chinese:Asian,4,2500,4.3
Chokhi Dhani,Jaipur,Rajasthani,3,1600,4.3
Nibs Cafe,Jaipur,Cafe:Italian:Continental,2,750,4.4
Mocha,Ahmedabad,Cafe:Continental:Desserts,3,1000,4.4
Blue -  Rooftop Cafe Restaurant Bistro,Ahmedabad,North Indian:Cafe:Italian:Mexican:Continental,3,1000,3.8
La Pino'z Pizza,Ahmedabad,Pizza:Italian,2,500,4.4
Huber & Holly,Ahmedabad,Ice Cream:Desserts:Continental,1,300,4.5
Yanki Sizzlers,Ahmedabad,Continental:Italian:Chinese,3,1200,4.1
Brick Kitchen,Ahmedabad,North Indian:Chinese:Continental,3,900,4.3
Puffizza,Ahmedabad,Italian:Fast Food,2,700,4.3
Nini's Kitchen,Ahmedabad,North Indian:Continental:Beverages:Italian:Burger:Healthy Food:Mediterranean,3,950,4.5
@Mango,Ahmedabad,North Indian:Continental:Mexican:Italian,3,800,4.1
Fozzie's Pizzaiolo,Ahmedabad,Pizza:Italian:Beverages:Desserts,3,900,4.3
Mazzo,Ahmedabad,Cafe:American:Continental:Armenian:Fast Food,2,550,3.9
650 - The Global Kitchen,Ahmedabad,Chinese:Italian:North Indian:Mexican:Mediterranean:Thai,3,900,4.2
Swati Snacks,Ahmedabad,Fast Food:Street Food:South Indian,2,450,4.4
MoMo Café - Courtyard By Marriott,Ahmedabad,North Indian:South Indian:Asian:Continental,3,1400,3.6
The Garden Cafe - The Fern,Ahmedabad,North Indian:Italian:Asian:South Indian,3,1200,4.1
Kabir Restaurant,Ahmedabad,North Indian:Chinese:Continental:Desserts:Fast Food:Sandwich,2,600,3.8
Cafe Alfresco,Ahmedabad,Cafe:Beverages:Desserts:Pizza,2,700,4.0
Cryo Lab,Ahmedabad,Desserts:Ice Cream,2,350,4.6
Patang - The Revolving Restaurant,Ahmedabad,Continental:Chinese:North Indian,4,1800,3.7
Turquoise Villa,Ahmedabad,Continental,3,1200,4.0
OvenFresh,Chandigarh,Cafe:Bakery,2,650,4.1
TGI Friday's,Chandigarh,American:Tex-Mex,3,1800,4.3
Chili's,Chandigarh,Mexican:American:Italian,3,1400,4.3
The Night Factory,Chandigarh,North Indian:Chinese:Continental:Pizza,2,850,3.7
Uncle Jack's,Chandigarh,Desserts:American,2,600,4.0
Karim's,Chandigarh,Mughlai:North Indian,2,800,3.3
Barbeque Nation,Chandigarh,North Indian:Chinese,3,1300,4.5
Taco Bell,Chandigarh,Mexican:Fast Food,2,600,4.2
Pal Dhaba,Chandigarh,North Indian,2,700,3.8
Brooklyn Central,Chandigarh,American:Cafe,3,1600,4.2
Virgin Courtyard,Chandigarh,Italian,4,2200,4.4
Super Donuts,Chandigarh,Burger:Fast Food:Desserts:Beverages,1,450,4.0
The Shooters Cafe,Mohali,Continental:North Indian,2,550,4.3
Hops n Grains,Panchkula,North Indian:Middle Eastern:Pizza,4,2000,4.2
Nik Baker's,Chandigarh,Bakery:Desserts:Cafe,2,650,4.1
Burgrill,Chandigarh,Burger:Fast Food,2,500,4.5
Pirates of Grill,Chandigarh,North Indian:Continental:Asian,3,1200,4.0
Kylin Experience,Chandigarh,Japanese:Chinese:Thai:Malaysian:Burmese:Asian,3,1600,4.1
Midnight Chef,Chandigarh,North Indian:Chinese:Continental:Italian:Burger,3,1000,3.4
Mocha,Chandigarh,Continental:Italian:Thai:Finger Food,3,1400,4.0
Britto's Bar & Restaurant,Goa,North Indian:Continental:Chinese:Seafood,4,1400,4.3
Antares,Goa,Seafood,4,2000,4.2
Curlies,Goa,Continental:North Indian:Italian:Seafood:Goan,4,1500,3.5
Fat Fish,Goa,North Indian:Continental:Goan,4,1000,4.2
Martin's Corner,Goa,Goan:Seafood:Chinese:North Indian,4,1600,4.4
Souza Lobo,Goa,North Indian:Continental:Goan,4,1300,4.3
Ritz Classic,Goa,Goan:Seafood:North Indian,3,600,4.5
Infantaria,Goa,Italian:Continental:Goan,3,800,3.7
Burger Factory,Goa,Fast Food,4,1100,4.8
The Black Sheep Bistro,Goa,Seafood:Continental:European:German,4,1500,4.7
Baba Au Rhum,Goa,Italian:French:Cafe,3,800,4.5
Club Cubana,Goa,Finger Food,4,2000,4.4
La Plage,Goa,Seafood:French,3,800,4.6
St. Anthony's,Goa,North Indian:Chinese:Continental:Goan:Seafood,4,1100,3.8
The Fisherman's Wharf,Goa,Continental:Goan:Seafood:North Indian,4,1100,4.6
Fisherman's Cove,Goa,Goan:North Indian:Chinese,3,700,3.8
Calamari,Goa,Goan:Seafood:Chinese,3,800,4.2
The Fisherman's Wharf,Goa,Continental:Goan:Seafood:North Indian,4,1100,4.4
Cafe Al Fresco by Cantina Bodega,Goa,Cafe,3,800,4.3
LPK Waterfront,Goa,Finger Food,4,1500,3.7
Mocha,Indore,Cafe:Continental:Italian:Street Food,3,800,4.0
Just My Bakes,Indore,Cafe:Bakery,2,500,3.9
KYRO,Indore,North Indian:Chinese:Continental:Mediterranean:Asian,3,1300,3.7
Square - Sayaji Hotel,Indore,North Indian:Chinese:Italian,4,1500,4.3
Oye24,Indore,North Indian:Chinese:South Indian,1,250,4.1
Cafe Terazza,Indore,Cafe:Italian:Mexican:Chinese,2,700,3.9
Cafe Palette,Indore,Cafe:Lebanese:Italian,3,800,3.8
The Creative Kitchen - Radisson Blu Hotel,Indore,North Indian:Continental:Mexican:Italian,4,2000,3.8
Waffle House,Indore,Cafe:Fast Food,2,500,4.3
JAL - A Jungle Restaurant,Indore,North Indian:Chinese,3,850,4.1
10 Downing Street,Indore,North Indian:Chinese,4,1500,4.0
Mangosteen Cafe,Indore,Cafe:Fast Food:Italian:Mexican,2,700,3.9
The Yellow Chilli,Indore,North Indian:Mughlai:Seafood,3,1100,4.1
Vidorra,Indore,North Indian:Chinese,3,1200,4.0
Mama Loca,Indore,Greek:Lebanese,3,1000,4.2
Nafees Restaurant,Indore,North Indian:Mughlai,3,850,4.0
Cakesmith's Alley,Indore,Bakery:Cafe:Fast Food,2,400,4.3
Freito,Indore,Mexican:Italian,2,650,3.1
Cafe Yolo,Indore,Cafe:Fast Food,2,650,3.8
Hobnob Gourmet Cafébar,Indore,Italian:Continental,4,1950,4.1
Al Arabian Express,Nashik,Mughlai,3,500,3.7
Sadhana Restaurant,Nashik,Maharashtrian,1,100,3.9
Barbeque Ville,Nashik,North Indian,4,1100,3.8
Spice Route,Nashik,North Indian:Maharashtrian,4,1000,3.6
The Cafe Katta,Nashik,Cafe,3,600,3.3
Barbeque Nation,Nashik,North Indian:European:Mediterranean:Asian,4,1500,3.8
Soma at Sula,Nashik,North Indian,4,1000,3.3
Little Italy,Nashik,Italian,3,800,3.0
Curry Leaves,Nashik,North Indian:Chinese:Fast Food,3,600,3.4
12212,Nashik,Fast Food,2,400,3.5
RiverDine Restaurant & Bar,Nashik,North Indian:Chinese,3,500,3.5
Veg Aroma,Nashik,North Indian,3,600,3.6
Chai Tapri,Nashik,Cafe,1,150,3.4
Divtya Budhlya Wada Restaurant,Nashik,Maharashtrian,2,400,3.8
Enter The Dragon,Nashik,Chinese,3,700,3.4
White X Sky Lounge,Nashik,North Indian,3,800,3.4
Eastern Spice,Nashik,North Indian,3,800,3.5
House Of Flavours,Nashik,North Indian:Chinese:Continental,3,900,3.4
The Bake Studio,Nashik,Cafe:Desserts,2,400,3.6
Hotel Radhakrishna,Nashik,Malwani:North Indian:Chinese:Seafood,2,400,3.5
Barbeque Nation,Ludhiana,North Indian:Chinese:Continental,3,1400,3.9
Bistro 226,Ludhiana,Italian:Continental:North Indian:Cafe,3,1400,4.2
Aman Chicken,Ludhiana,North Indian:Mughlai,2,800,4.6
Nik Bakers,Ludhiana,Cafe:Bakery:Desserts,2,800,4.2
The Yellow Chilli,Ludhiana,Mughlai:North Indian:Chinese,3,1200,4.4
Bistro Flamme Bois,Ludhiana,Italian:Continental:Mexican:Lebanese,3,1500,4.1
Hot Breads,Ludhiana,Continental:Chinese:Italian:Bakery,2,800,4.2
Pirates Of Grill,Ludhiana,North Indian:Mughlai,3,1300,3.9
Mocha,Ludhiana,Cafe,2,800,3.7
Hawai Adda,Ludhiana,North Indian:Chinese:Continental,3,1500,3.5
Kitchen At 95 - Hyatt Regency,Ludhiana,Mediterranean:Chinese:Continental,4,2000,4.3
The BrewMaster - The Mix Fine Dine,Ludhiana,North Indian:Continental,3,1500,3.9
Indian Summer,Ludhiana,North Indian:Chinese,3,1400,4.1
Belfrance Luxury Chocolates,Ludhiana,Cafe:Continental:Italian:Bakery,3,1100,4.4
Basant,Ludhiana,North Indian:Chinese:South Indian:Fast Food,1,400,3.9
Basant Restaurant,Ludhiana,North Indian:Chinese:Fast Food,2,800,3.6
Nando's,Ludhiana,Portuguese:African,3,1200,3.8
Spice Cube,Ludhiana,North Indian:Chinese:Continental,3,1000,3.5
District 6,Ludhiana,European:Chinese,3,1600,3.8
Domino's Pizza,Ludhiana,Pizza:Fast Food,2,700,3.6
Barbeque Nation,Guwahati,North Indian,4,1500,4.9
Three Guys,Guwahati,Continental:North Indian:Chinese:Arabian:Thai,2,700,4.3
The Zouq : Resto-Cafe,Guwahati,Cafe:North Indian:Italian,2,500,4.1
Brooklyn Blues,Guwahati,Continental:European,3,1400,4.2
The Basement Café,Guwahati,Cafe,2,600,4.7
The Woking Mama,Guwahati,Chinese:Thai:Japanese:Asian,3,1300,4.4
Yo! China,Guwahati,Chinese,3,800,3.6
The Corner Cafe,Guwahati,Cafe:Continental,3,850,4.1
BrewBakes,Guwahati,Cafe:Continental:Chinese,2,500,4.0
Terra Mayaa Restaurant and Lounge,Guwahati,North Indian:Continental:Italian:Chinese,3,1400,3.9
Mocha,Guwahati,Cafe:Italian,3,800,4.6
Confucius,Guwahati,Chinese:Thai,3,750,4.1
4 Seasons,Guwahati,Chinese:North Indian,1,300,3.6
Café Riverrun,Guwahati,Continental:Juices:Cafe:Desserts:Salad:Italian,2,500,4.2
Shanghai Salsa,Guwahati,Continental:Fast Food:Chinese:Charcoal Grill:Mexican,3,1000,4.0
Underdoggs Sports Bar & Grill,Guwahati,North Indian:Continental,4,1650,4.4
Chung Fa,Guwahati,Chinese,2,600,4.3
Fat Belly,Guwahati,Asian:Chinese:Tibetan,2,500,4.1
Strawberry Fields,Guwahati,Cafe,2,500,4.1
Ziya,Guwahati,Continental:Chinese,2,700,4.3
Makhan Fish and Chicken Corner,Amritsar,North Indian:Chinese,2,700,3.4
Bharawan Da Dhaba,Amritsar,North Indian:Fast Food,2,500,3.5
The Kulcha Land,Amritsar,North Indian:Street Food,1,200,3.9
Brothers Dhaba,Amritsar,North Indian,2,500,3.8
Charming Chicken,Amritsar,North Indian,1,300,3.9
Kanha Sweets,Amritsar,Fast Food,1,150,4.1
Beera Chicken Corner,Amritsar,North Indian,2,500,3.8
Brothers' Amritsari Dhaba,Amritsar,North Indian,2,400,3.8
La Roma Pizzeria,Amritsar,Fast Food:Italian,2,400,3.5
Gurdas Ram Jalebi Wala,Amritsar,Mithai,1,100,4.1
Bade Bhai Ka Brothers' Dhaba,Amritsar,North Indian:Fast Food,2,500,3.7
Crystal Restaurant,Amritsar,North Indian:Mughlai,3,800,3.4
Surjit Food Plaza,Amritsar,North Indian,3,1000,3.5
Brijwasi Chat Bhandar,Amritsar,Street Food,1,150,3.6
Shudh Restaurant,Amritsar,North Indian:South Indian:Chinese:Fast Food,2,600,3.4
The Yellow Chilli,Amritsar,North Indian:Mughlai:Chinese,3,1200,3.4
Bubby Fish & Chicken Corner,Amritsar,North Indian,1,300,3.5
Bon Gateau,Amritsar,Cafe:Bakery:Fast Food,2,500,3.4
Sakhis Watz Kukin,Amritsar,North Indian:Chinese,2,700,3.6
Ahuja Milk Bhandar,Amritsar,Beverages,1,100,4.0
Upper Crust,Kanpur,Bakery:Fast Food,2,350,3.4
Mr Brown,Kanpur,Bakery:Desserts:Fast Food,2,500,3.9
Liquid,Kanpur,Finger Food:North Indian:Continental:Italian:Mediterranean,3,1000,4.0
Anaicha's Food Joint,Kanpur,Chinese:North Indian:Continental,3,850,3.6
Hucka,Kanpur,Chinese:Fast Food,2,550,3.3
Verandah,Kanpur,Chinese:Italian:Fast Food,4,1500,3.7
UrbanCrave,Kanpur,Cafe:Continental:Desserts:Ice Cream:Italian:Beverages,1,0,3.9
Waterside - The Landmark Hotel,Kanpur,North Indian:Chinese,4,3000,3.9
Gyan Vaishnav,Kanpur,North Indian,2,400,3.9
Dunkin Donuts,Kanpur,Desserts:Fast Food,2,500,4.1
Barbeque Nation,Kanpur,North Indian:Mughlai:Lebanese:Arabian:Mediterranean,3,1400,4.0
Atmosphere Grill Cafe Sheesha,Kanpur,Indian:Chinese:Continental,1,0,3.6
Royal Dine - Hotel Royal Cliff,Kanpur,North Indian:Chinese,4,1500,4.0
Little Chef,Kanpur,North Indian:Fast Food,3,1000,4.1
Dhuaan,Kanpur,North Indian:Mexican:Italian,4,1500,4.3
Chin Mi,Kanpur,Chinese,4,1500,3.9
Urban Crave Express,Kanpur,Cafe:Italian,2,600,3.5
Aromas,Kanpur,Fast Food,2,350,4.1
The Zaffran,Kanpur,North Indian:Continental:Asian,3,800,3.3
Tadka,Kanpur,North Indian,3,1000,3.8
The Tamarind Tree,Allahabad,South Indian:Chinese,3,500,3.4
Cafe El Chico,Allahabad,Continental:Italian,4,1000,3.6
KFC,Allahabad,American:Fast Food,3,500,3.4
Hot Stuff,Allahabad,North Indian:Fast Food,3,500,3.5
Sagar Ratna,Allahabad,South Indian:North Indian:Chinese:Continental,2,400,3.5
Bean Here,Allahabad,Cafe:Fast Food,2,350,3.3
Tandoor Restaurant,Allahabad,North Indian:Chinese,3,500,3.2
Eat On,Allahabad,North Indian,1,200,3.7
Dewsis,Allahabad,North Indian:Chinese,3,600,3.4
Friends Forever,Allahabad,North Indian:Chinese,3,600,3.4
The BrewMaster,Allahabad,North Indian:Chinese:Italian,1,0,3.3
Paradise,Allahabad,Desserts:Fast Food,3,500,3.6
Subway,Allahabad,Fast Food:American:Salad:Healthy Food,2,400,3.4
Bikanerwala,Allahabad,North Indian:Street Food:Fast Food,3,500,3.2
Pizza Hut,Allahabad,Italian:Pizza,3,700,3.4
Aryan Family's Delight,Allahabad,North Indian:South Indian:Fast Food,3,500,3.4
Hotel Ravisha Continental,Allahabad,North Indian:South Indian:Chinese,3,600,3.4
Pind Balluchi,Allahabad,North Indian:Mughlai,3,800,3.2
Moti Mahal Delux,Allahabad,Mughlai:North Indian:Chinese,3,800,3.3
McDonald's,Allahabad,Fast Food,2,400,3.3
Kream N Krunch,Aurangabad,North Indian:Chinese:Continental:Italian,3,800,3.6
Bhoj Restaurant,Aurangabad,North Indian,2,450,3.7
Yalla Yalla,Aurangabad,North Indian:Hyderabadi,2,500,3.3
Mokoholic Juice Bar,Aurangabad,Juices:Desserts,1,300,3.5
d' Curry House,Aurangabad,Continental:Chinese:Biryani:North Indian,3,1000,3.6
Mauj Restaurant,Aurangabad,Italian:Fast Food:North Indian:Chinese,2,500,3.3
Indiana Veg Restaurant,Aurangabad,South Indian:North Indian:Chinese:Fast Food,2,450,3.4
Downside Up,Aurangabad,Cafe:Mughlai:North Indian,2,400,3.2
Kailash Restaurant,Aurangabad,North Indian:Chinese:South Indian:Fast Food,2,450,3.3
Madhuban Restaurant - Welcome Hotel Rama International,Aurangabad,North Indian:Chinese:Continental:Italian:Mexican,4,1800,3.4
Great Sagar Restaurant,Aurangabad,North Indian:Mughlai,2,600,3.3
Ashoka's Veg Restaurant,Aurangabad,South Indian:Chinese:North Indian,2,400,3.3
Domino's Pizza,Aurangabad,Pizza,2,700,3.1
Naivedya,Aurangabad,North Indian,2,500,3.4
Kareem's Fine Dining,Aurangabad,Mughlai:Biryani,2,700,3.3
Angeethi Restaurant,Aurangabad,North Indian:Chinese,2,600,3.3
Hotel Laadli,Aurangabad,North Indian:South Indian,2,350,3.4
Balbeer's Kitchen & Bar,Aurangabad,Italian:Continental:Chinese:North Indian,3,850,3.3
Kareem's Kabab & Biryani,Aurangabad,Mughlai,2,650,3.4
That Baat,Aurangabad,Maharashtrian,2,450,3.4
10 Downing Street,Bhopal,North Indian:Chinese,3,1000,4.0
Bake N Shake,Bhopal,Fast Food,2,500,4.1
Papa Mexicano,Bhopal,Fast Food:Mexican:Tex-Mex,2,350,3.6
Da pizzeria,Bhopal,Pizza:Italian:Fast Food,2,500,3.6
Bapu Ki Kutia,Bhopal,North Indian:Chinese:South Indian:Fast Food,2,550,3.5
Kebabsville - Sayaji Hotel,Bhopal,North Indian,4,1800,4.3
Manohar Dairy And Restaurant,Bhopal,North Indian:South Indian:Street Food:Bakery,2,400,4.4
Sagar Gaire Fast Food,Bhopal,Fast Food,1,250,4.9
Chi Kitchen,Bhopal,Chinese,3,1000,4.0
Maybe There,Bhopal,Cafe,2,600,3.4
Kafe Kulture,Bhopal,Cafe:Fast Food,2,600,3.8
Violet Hour,Bhopal,Bakery,2,500,3.8
The Kasbah,Bhopal,North Indian:Chinese,2,700,3.9
Black N White Cafe,Bhopal,Cafe:Chinese:North Indian,1,200,3.3
Manohar Dairy And Restaurant,Bhopal,North Indian:South Indian:Street Food:Bakery,2,400,4.1
Pizza Hut,Bhopal,Pizza,2,650,4.1
Bake N Shake,Bhopal,Fast Food,2,500,4.2
Bake N Shake,Bhopal,Fast Food,2,500,4.3
The Urban Socialite,Bhopal,Italian:Mexican:Chinese,3,900,3.8
Indian Coffee House,Bhopal,South Indian,2,500,3.9
Prana,Ranchi,European:North Indian:Continental:Italian,3,1000,3.7
Moti Mahal Delux Tandoori Trail,Ranchi,North Indian:Chinese,3,1000,3.6
Kaveri Restaurant And Caterers,Ranchi,North Indian:Chinese:South Indian:Chinese,1,450,4.0
KFC,Ranchi,Fast Food,2,500,3.2
Aroma - The Royal Retreat,Ranchi,North Indian:South Indian:Chinese,3,1500,3.5
Yo China Restaurant,Ranchi,Chinese,2,650,3.4
The Urban Brava,Ranchi,Cafe:Fast Food:North Indian,3,1000,3.6
Kaveri Restaurant And Caterers,Ranchi,North Indian:Chinese:South Indian:Chinese,1,450,3.4
Pizza Hut,Ranchi,Pizza,2,700,3.5
The Kav's,Ranchi,North Indian:Continental:Chinese,1,400,3.2
Waterfront - Radisson Blu,Ranchi,North Indian:Continental,4,2000,3.4
7th Heaven,Ranchi,South Indian:North Indian:Chinese,1,400,3.7
Yellow Sapphire,Ranchi,Continental:North Indian:European,3,1000,3.7
Punjab Sweet House,Ranchi,Street Food,1,200,3.5
The Best,Ranchi,North Indian:South Indian:Chinese,1,400,3.4
Food Belle,Ranchi,North Indian:Chinese,2,650,3.3
OMG Cafe,Ranchi,Cafe:Italian:Mexican:Chinese:North Indian,2,500,3.3
Jungli Moon Dance Restaurant,Ranchi,North Indian:South Indian:Chinese,2,500,3.1
Kathi Kabab,Ranchi,Fast Food:North Indian,1,400,3.3
Hot Lips,Ranchi,North Indian:Chinese,3,1000,3.3
The Square - Hotel Novotel,Vizag,Continental:North Indian,4,1700,4.1
Flying Spaghetti Monster,Vizag,Italian,3,1400,4.4
Barbeque Nation,Vizag,North Indian:Chinese:Mediterranean,4,1600,4.9
Pizza Hut,Vizag,Pizza:Fast Food,2,600,4.3
Kamat Restaurant,Vizag,Andhra:North Indian:Chinese:Seafood:Biryani,2,600,3.6
Alpha Hotel,Vizag,North Indian:Biryani,1,300,3.7
Double Roti,Vizag,Cafe:Fast Food:American,3,1000,3.8
Pizza Hut,Vizag,Pizza:Fast Food,2,600,4.6
Plot 17,Vizag,Burger:Pizza:Biryani,2,600,4.3
Six Degrees,Vizag,South Indian:Chinese:Continental:Italian:North Indian,2,600,4.1
Percolator Coffee House,Vizag,Mughlai:Chinese:Cafe:BBQ:Cajun,2,500,3.6
My Restaurant,Vizag,Andhra:North Indian:Chinese,2,600,3.5
Vista - The Park,Vizag,American:North Indian:Thai:Continental,4,1500,3.8
Bake My Wish,Vizag,Fast Food,2,450,3.8
Kaloreez,Vizag,Cafe:North Indian:Chinese,2,400,3.7
Sri Sairam Parlour,Vizag,South Indian:North Indian,1,300,4.2
Sea Inn - Raju Gaari Dhaba,Vizag,Biryani:Andhra,2,450,4.0
Tea Trails,Vizag,Fast Food,2,500,3.7
D Cabana,Vizag,Continental:Seafood:Chinese:North Indian:Biryani,2,600,3.6
Mekong - Hotel GreenPark,Vizag,Chinese:Thai:Burmese:Vietnamese:Tibetan:Japanese,3,1300,4.4
Eram Rooftop,Bhubaneshwar,Asian:Continental,1,400,3.5
Central Perk 7,Bhubaneshwar,Cafe:Charcoal Grill:Steak,2,600,4.5
Aangan Horizon,Bhubaneshwar,North Indian:Chinese:Continental,2,900,4.0
Adda,Bhubaneshwar,North Indian:Chinese:Mexican:Beverages,2,600,3.8
Tyre Patty,Bhubaneshwar,Cafe,2,500,3.9
JUGAAD JN.,Bhubaneshwar,North Indian:Rajasthani,1,300,4.1
Cha cTea,Bhubaneshwar,Cafe:Tea,2,500,3.8
The Chicken Dinesty,Bhubaneshwar,Fast Food:North Indian:Chinese,2,500,3.9
Richard's Kitchen & Coffee Bar,Bhubaneshwar,Cafe:Chinese:Fast Food:Seafood,1,450,3.8
Silver Streak,Bhubaneshwar,Chinese,2,550,4.1
Chai Break,Bhubaneshwar,Italian:Cafe:Chinese:Continental,2,800,4.3
Lal Qila,Bhubaneshwar,Mughlai:Chinese:North Indian,2,500,3.7
Chill Ummm,Bhubaneshwar,Chinese:North Indian:Cafe,1,450,3.7
Michael's Kitchen,Bhubaneshwar,North Indian:Asian:European,2,850,3.7
Taste Of China,Bhubaneshwar,Chinese,2,500,4.0
99 North Restaurant,Bhubaneshwar,North Indian:Chinese,1,450,3.6
Brewberrys The Coffee Bar,Bhubaneshwar,Cafe,1,400,4.0
Food Fever,Bhubaneshwar,Chinese:North Indian,2,900,4.2
Mainland China,Bhubaneshwar,Chinese,3,1500,4.3
Mamma Mia - Mayfair Lagoon,Bhubaneshwar,Cafe:Italian:Mexican:Bakery,3,1400,4.1
Batlivala & Khanabhoy,Coimbatore,Parsi:North Indian,3,1200,4.2
Tim's Bistro,Coimbatore,North Indian:Continental,2,700,3.9
Barbeque Nation,Coimbatore,North Indian:European:Mediterranean,3,1400,4.4
Kuchi n Kream,Coimbatore,Cafe:Continental:Fast Food,3,800,4.6
Zucca Pizzeria,Coimbatore,Pizza,2,600,3.5
Valarmathi Kongunaatu Samayal,Coimbatore,South Indian:Biryani,2,350,4.5
Yari,Coimbatore,North Indian:Chinese:Street Food,2,700,4.2
That's Y Food,Coimbatore,North Indian:Biryani,3,1400,4.2
Burger Ka Baap,Coimbatore,Fast Food,2,500,4.3
On The Go,Coimbatore,Italian:North Indian:Desserts,4,1500,4.0
The Cascade Restaurant,Coimbatore,Chinese,3,1200,4.1
Haribhavanam Hotel,Coimbatore,South Indian:Chettinad:North Indian,2,600,3.9
Cafe Totaram,Coimbatore,Cafe:Fast Food,2,600,4.0
24 Plus Cafe & Restaurant,Coimbatore,Continental:Fast Food:Desserts:Indian,2,450,3.8
Cream Centre,Coimbatore,North Indian:Chinese:Italian:Mexican,3,1000,4.0
Sree Annapoorna,Coimbatore,South Indian:North Indian:Chinese,2,400,4.3
Cream Stone,Coimbatore,Desserts:Ice Cream,1,300,4.3
CakeBee,Coimbatore,Bakery:Desserts,2,350,4.9
Bird On Tree,Coimbatore,Continental:Chinese:Thai:Malaysian:North Indian,3,1200,3.8
Kites Cafe,Coimbatore,Cafe,2,400,3.8
Machali,Mangalore,Seafood,3,800,4.1
Kobe Sizzlers,Mangalore,Continental:American,3,1000,3.7
Punjab Da Pind,Mangalore,North Indian:Mughlai:Chinese:Mangalorean,3,1000,3.7
Gajalee Sea Food,Mangalore,Seafood:North Indian,3,750,3.9
Diesel Cafe,Mangalore,American:Italian,3,900,3.8
Sizzler's Ranch,Mangalore,Continental,2,700,3.8
Spindrift,Mangalore,North Indian:Italian:Finger Food,2,700,3.9
Barbeque Nation,Mangalore,North Indian:Chinese,4,1600,3.7
Brio Cafe and Grill,Mangalore,Cafe:Continental,2,500,3.6
Liquid Lounge,Mangalore,Finger Food:Continental:North Indian,3,800,3.8
Giri Manja's,Mangalore,Seafood,2,500,4.2
Maharaja Restaurant,Mangalore,South Indian:North Indian,2,700,3.6
Village Restaurant,Mangalore,Chinese:Continental:North Indian:Mughlai,3,1000,3.7
#45,Mangalore,Cafe,2,600,3.6
Froth On Top,Mangalore,Chinese:Mangalorean,2,700,3.7
Sagar Ratna,Mangalore,South Indian:North Indian:Chinese,2,500,3.7
Smoke N Oven,Mangalore,Pizza:Italian,2,600,3.5
Kabab Studio,Mangalore,North Indian:Mughlai,4,1500,3.5
Crave Desserts & Bakes,Mangalore,Desserts:Bakery,1,200,3.9
Hao Ming,Mangalore,Chinese,2,600,3.5
Tomato's,Vadodara,North Indian:Mughlai:Mexican:Thai,3,1000,4.1
Meraki,Vadodara,North Indian:Continental:Italian:Asian,3,1200,4.0
Kabir Kitchen,Vadodara,North Indian:Chinese,2,600,3.8
Coffee Culture,Vadodara,Cafe,2,600,4.3
La Quello - Mediterranean Kitchen,Vadodara,Mediterranean:Italian,3,1300,4.6
Barbeque Nation,Vadodara,Mughlai:North Indian,4,1500,4.3
That Place,Vadodara,Italian:Mexican:Continental,4,1500,4.4
Wok On Fire,Vadodara,Thai:Chinese:Asian,3,800,3.8
The Yellow Chilli,Vadodara,North Indian:Mughlai,3,800,3.9
VarieTea,Vadodara,Cafe:Fast Food,2,400,3.9
El Amigos Kitchen,Vadodara,North Indian:Thai:Italian:Chinese:Mexican,3,800,3.5
Little Italy,Vadodara,Italian,3,1000,4.1
Gazebo Garden Restaurant,Vadodara,North Indian,3,1000,3.5
22nd Parallel,Vadodara,South Indian,2,400,4.5
Freshco - The Health Café,Vadodara,Cafe,2,700,4.2
Offside Lounge,Vadodara,Continental:Chinese:Mexican:North Indian,3,800,3.8
Mandap - Hotel Express Towers,Vadodara,Gujarati,2,600,4.0
Pizza Hut,Vadodara,Pizza:Italian,2,600,4.1
Mr Toasties,Vadodara,Fast Food,1,300,3.9
Kaphi Pibama,Vadodara,Cafe:Mexican:Italian:Fast Food,2,500,3.8
Barbeque Nation,Nagpur,North Indian:European:Mediterranean,4,1600,4.9
The B.A.W.A,Nagpur,Cafe,2,600,4.2
The Breakfast Story,Nagpur,Cafe,2,600,4.5
House of Caffeine,Nagpur,Fast Food,2,500,3.3
Mocha,Nagpur,Cafe:Continental,3,750,4.0
Checker's,Nagpur,Fast Food:Chinese,2,550,4.0
The Zuree Urban Kitchen,Nagpur,North Indian:Italian:Continental,3,1200,4.4
KFC,Nagpur,American:Fast Food,2,550,2.2
Moksh The Restro Lounge,Nagpur,Seafood:Chinese:Thai,3,1000,4.0
NESCAFÉ Illusions,Nagpur,Cafe,2,350,3.9
Cafe Zinea,Nagpur,Cafe:Chinese:Fast Food:Italian,2,400,3.7
Hide Out The Street Cafe,Nagpur,Cafe,1,250,3.8
FSB,Nagpur,Continental:North Indian:Thai:Chinese,3,1100,4.3
Ashoka Restaurant,Nagpur,North Indian:Chinese:Continental,3,1300,4.2
Mainland China,Nagpur,Chinese,3,1000,3.8
Ten Downing Street Restaurant & Bar,Nagpur,Chinese:Continental:North Indian,3,1000,4.0
Tapri The Chai Books Cafe,Nagpur,Continental:Fast Food:Tea,1,250,3.9
Eat Street Express,Nagpur,North Indian:Chinese,2,500,4.0
Nineties,Nagpur,Cafe:Fast Food,1,250,3.9
Zaikart,Nagpur,North Indian:Mughlai,2,550,4.3
Jahanpanah,Agra,North Indian:Mughlai,3,850,3.9
Sheroes Hangout,Agra,Cafe:North Indian:Chinese,1,0,4.9
Thaaliwala,Agra,North Indian:Fast Food,2,700,4.1
Pinch Of Spice,Agra,North Indian:Chinese:Mughlai,3,1000,4.2
Tea'se Me - Rooftop Tea Boutique,Agra,Chinese:Italian:Continental:North Indian,3,1000,4.2
Chapter 1 Cafe,Agra,Cafe:Italian:Mexican:North Indian:Continental,1,0,3.9
Pind Balluchi,Agra,North Indian:Mughlai,3,900,3.7
The Latitude - Radisson Blu,Agra,North Indian:Chinese:Continental,1,0,3.9
Pizza Hut,Agra,Italian:Pizza,2,700,4.4
Peshawri - ITC Mughal,Agra,North Indian:Mughlai,4,2500,4.3
Chokho Jeeman Marwari Jain Bhojanalya,Agra,Rajasthani,2,400,4.0
Rangrezz Restaurant,Agra,North Indian:Mughlai,2,700,3.5
The Charcoal Chimney,Agra,North Indian:Chinese:Continental:Mughlai,3,1100,3.4
Taj Bano - ITC Mughal,Agra,Mughlai,4,2500,4.0
Time2Eat - Mama Chicken,Agra,North Indian,2,500,3.6
Dasaprakash Restaurant,Agra,South Indian:Desserts,2,550,4.1
Dawat-e-Nawab - Radisson Blu,Agra,North Indian:Mughlai,4,3600,3.8
MoMo Cafe,Agra,North Indian:European,4,2000,4.0
Bon Barbecue,Agra,North Indian:Chinese:Continental,4,1500,3.8
G Thal,Agra,Rajasthani:Gujarati:Mughlai,3,800,3.6
Barbeque Nation,Dehradun,North Indian:Mediterranean:Asian:Chinese,4,1600,4.4
Kalsang Friends Corner,Dehradun,Chinese:Thai:Tibetan,3,750,4.2
Jalapenos,Dehradun,Cafe:Mexican,3,500,4.2
TBistro,Dehradun,North Indian:Chinese,3,550,3.8
Punjab Grill,Dehradun,Mughlai:North Indian,4,1250,4.0
The Great Indian Pub,Dehradun,North Indian,4,1500,4.9
Eddie's Patisserie,Dehradun,Bakery,2,350,4.1
Town Table Restaurant,Dehradun,North Indian:Chinese:Continental,4,1000,3.9
Anandam,Dehradun,Desserts:North Indian:Chinese:South Indian:Fast Food:Street Food,3,650,3.9
Kalsang AMA Cafe,Dehradun,Cafe,3,600,4.2
Doon Darbar,Dehradun,North Indian:Mughlai,3,600,3.9
Black Pepper Restaurant,Dehradun,North Indian:Chinese,4,1200,4.0
Dunkin Donuts,Dehradun,Burger:Desserts,3,600,3.9
First Gear Cafe,Dehradun,Cafe:Chinese,3,700,3.9
BMG - All Day Dining,Dehradun,Chinese:North Indian:Fast Food,1,0,4.3
Cafe Marigold,Dehradun,Cafe:Chinese:Fast Food,3,500,4.1
Razzmatazz,Dehradun,Cafe,2,400,3.9
Tirupati Restaurant,Dehradun,South Indian:North Indian:Chinese,3,500,3.8
Y Cafe & Restaurant,Dehradun,Cafe,3,500,4.0
The Punjabi Essence Restaurant,Dehradun,North Indian:Chinese,3,800,3.6
Empire Restaurant,Mysore,North Indian:Andhra:Mughlai,2,500,3.7
Mezzaluna,Mysore,Continental:South Indian,2,650,3.8
Jalpaan Dining Saga,Mysore,North Indian:Chinese:Italian,3,900,3.7
Pizza Hut,Mysore,Pizza:Italian,2,700,4.0
Barbeque Nation,Mysore,North Indian:European:Mediterranean,4,1600,4.0
Cafe Cornucopia,Mysore,Cafe:Continental:European:Beverages,2,700,3.6
Pakva Lounge,Mysore,Italian:North Indian:South Indian,2,650,3.7
The Old House,Mysore,Italian,3,800,3.9
The Barge Restaurant,Mysore,Continental:Chinese:North Indian,4,1500,3.3
Vinayaka Mylari,Mysore,South Indian,1,300,4.2
Jungle The Restaurant,Mysore,North Indian:Continental:Chinese,3,1000,3.7
By The Way,Mysore,North Indian:Chinese:South Indian,2,650,3.6
Spring - Radisson Blu Plaza,Mysore,Continental:North Indian:South Indian,4,1700,3.8
Nanking,Mysore,Chinese:Thai,2,550,3.7
Oyster Bay,Mysore,North Indian:Asian:Continental,3,1000,3.6
Hotel RRR Mysore,Mysore,Andhra,1,290,3.4
Big Chicken,Mysore,North Indian:Chinese,2,500,3.5
Tandooriwala,Mysore,North Indian,2,700,3.5
Green Leaf,Mysore,North Indian:Chinese:South Indian,2,400,3.5
Purple Haze,Mysore,Finger Food,3,1200,3.7
Baker Street,Puducherry,Bakery:French,2,400,4.1
Le Dupleix,Puducherry,North Indian:French:Continental,4,1500,3.8
Villa Shanti,Puducherry,Continental,4,1500,3.9
Zuka Choco-la,Puducherry,Desserts,2,300,4.2
Le Cafe,Puducherry,Cafe,2,450,3.1
Cafe des Arts,Puducherry,Cafe,3,800,3.5
The Indian Kaffe Express,Puducherry,Cafe,3,550,3.8
Le Club,Puducherry,French:Continental:North Indian,4,1400,3.5
#Dilliwaala6,Puducherry,North Indian,3,800,3.7
Bay of Buddha -  The Promenade,Puducherry,Chinese:Thai:Malaysian:Vietnamese:Korean:Indonesian:Asian,4,1500,3.8
Blueline - The Promenade,Puducherry,North Indian:Seafood:South Indian:Italian,4,1500,3.8
The Pasta Bar Veneto,Puducherry,Italian,3,900,3.6
Tanto Pizzeria,Puducherry,Pizza:Italian,4,1000,3.8
Rendezvous Cafe Restaurant,Puducherry,Goan:Mangalorean:Continental:French,4,1200,3.5
Gelateria Montecatini Terme,Puducherry,Desserts,1,150,4.2
Spice Route,Puducherry,Continental:North Indian:Finger Food,4,1200,3.4
The Smoothie Bar,Puducherry,Desserts:Beverages:Juices,2,250,3.7
Italize,Puducherry,Pizza:Italian,3,600,3.6
Cafe Ole,Puducherry,Cafe:Continental,3,700,3.8
Auroville Bakery,Puducherry,Bakery,1,150,3.8
Level 5 - Terrace Restro & Cafe,Surat,Chinese:North Indian:Italian:Mexican,3,900,3.8
Thalaivaa,Surat,South Indian,2,500,4.1
Global Local,Surat,Modern Indian,4,1500,3.4
Falafel Lovers,Surat,Lebanese:Italian,2,650,4.3
Wok On Fire,Surat,Chinese:Thai:Asian,3,800,3.9
Leonardo Italian Mediterranean Dining,Surat,Italian:Mexican:Mediterranean,3,1400,4.2
Coffee Culture - The Ristorante Lounge,Surat,Cafe:Continental,2,650,4.0
Black Pepper,Surat,North Indian:Italian,3,1000,4.1
The Food Lab,Surat,Italian:Lebanese:Mexican,3,900,3.6
Wok On Fire,Surat,Chinese:Thai:Asian,3,800,3.7
The Hog Spot,Surat,North Indian:Italian:Mexican:Asian,3,800,3.8
The Creamery,Surat,Ice Cream:Desserts,1,250,3.6
The Centre Court,Surat,Italian:North Indian:Desserts:Continental,3,900,4.1
World Platter,Surat,North Indian:Chinese:Thai:Mexican:Italian,3,800,3.9
Golden Dragon,Surat,Chinese,3,800,4.2
Mysore Cafe,Surat,South Indian,1,250,4.0
The Sizzling Salsa,Surat,Italian:Continental:Chinese:Mexican,4,1500,4.1
Pizza Hut,Surat,Pizza,3,800,4.1
The Haus,Surat,Cafe:Desserts,2,500,3.9
Kansar Gujarati Thali,Surat,Gujarati,2,550,3.9
Baati Chokha,Varanasi,North Indian,2,450,3.7
VNS Live Studio,Varanasi,Chinese:North Indian,1,0,3.5
Ming Garden,Varanasi,Chinese,3,600,3.5
Deena Chat Bhandar,Varanasi,Street Food,1,0,3.8
Pizzeria Vaatika Cafe,Varanasi,Pizza:Chinese,3,700,3.7
Kerala Cafe,Varanasi,South Indian,2,300,3.6
Kashi Chat Bhandar,Varanasi,Street Food,1,150,4.1
Open Hand Shop & Cafe,Varanasi,Cafe,2,450,3.4
3Cherryz Sky Lounge & Cafe,Varanasi,Cafe:North Indian:Chinese,3,500,3.2
I:ba Cafe & Restaurant,Varanasi,Japanese:American:North Indian:Fast Food,4,1000,3.5
Tandoor Villa,Varanasi,North Indian:Mughlai,3,600,3.6
Blue Lassi,Varanasi,Beverages,2,300,3.7
Chrystal Bowl Restaurant,Varanasi,North Indian,3,800,3.3
Flavours Cafe,Varanasi,North Indian:Cafe,2,400,3.4
Singh's Delight Restaurant,Varanasi,Chinese:North Indian,3,700,3.5
Burger King,Varanasi,North Indian:Fast Food,2,350,3.4
eastWEST - Radisson Hotel,Varanasi,Cafe:North Indian:Continental,3,600,3.3
Aman Restaurant,Varanasi,Chinese:North Indian,3,650,3.2
Dosa Cafe,Varanasi,South Indian,2,450,3.5
The Great Kabab Factory - Radisson Hotel,Varanasi,North Indian:Mughlai,4,1100,3.3
Swaaddesh,Patna,North Indian:Chinese,2,700,3.5
Genuine Broaster Chicken,Patna,American:Chinese:North Indian:Italian,2,500,3.5
The Yellow Chilli,Patna,North Indian:Chinese:Continental,3,1000,3.5
Biryani Mahal,Patna,Biryani:Mughlai,2,500,3.6
Pind Balluchi,Patna,North Indian:Chinese,3,1000,3.3
Mainland China,Patna,Chinese,3,1400,3.5
17 Degrees,Patna,North Indian:Chinese:Continental:Italian,3,1200,3.5
Red Chilli,Patna,Chinese:North Indian:Mughlai,2,450,3.6
Pukhtaan-The Royal Taste of India,Patna,North Indian:Chinese,4,1500,3.5
Bansi Vihar,Patna,South Indian:Fast Food,1,300,3.4
Indian Summer Cafe,Patna,Continental:Cafe:Italian:Pizza:North Indian:Chinese:Bakery:Mughlai,2,600,3.4
Kapil Dev's Eleven,Patna,North Indian:Chinese:Finger Food,3,1000,3.6
Roti Restaurant,Patna,North Indian:South Indian:Chinese,2,500,3.1
McDonald's,Patna,Fast Food,2,500,3.4
Raj Rasoi,Patna,North Indian:South Indian:Fast Food,2,600,3.3
Sri Basant Vihar,Patna,North Indian:Fast Food,2,600,3.6
Nirvana,Patna,North Indian:Chinese,2,700,3.4
Spice Court - Hotel Maurya,Patna,North Indian:Continental:Chinese:South Indian,4,1600,3.7
KFC,Patna,Fast Food,2,500,3.3
Angeethi,Patna,North Indian:Mughlai:Chinese,3,800,3.4
